{"nodes":{"node:100":{"location":{"x":1080,"y":326}},"node:115":{"location":{"x":-198,"y":-870}},"node:117":{"location":{"x":-198,"y":-502}},"node:119":{"location":{"x":-206,"y":-134}},"node:121":{"location":{"x":-206,"y":-38}},"node:123":{"location":{"x":-206,"y":58}},"node:125":{"location":{"x":-206,"y":154}},"node:127":{"location":{"x":-206,"y":250}},"node:129":{"location":{"x":-214,"y":346}},"node:132":{"location":{"x":-214,"y":554}},"node:135":{"location":{"x":-214,"y":762}},"node:138":{"location":{"x":-214,"y":970}},"node:141":{"location":{"x":-214,"y":1178}},"node:144":{"location":{"x":-214,"y":1386}},"node:147":{"location":{"x":-214,"y":1594}}},"selection":null,"view":{"scroll":{"x":-234.27099609375,"y":-54.5862693786621094},"visible_rect":{"max":{"x":947.6387939453125,"y":1320.5518798828125},"min":{"x":-312.361358642578125,"y":-72.7817001342773438}},"zoom":0.749999940395355225}}