{"nodes":{"node:100":{"location":{"x":1209,"y":470}},"node:115":{"location":{"x":57,"y":-566}},"node:117":{"location":{"x":57,"y":-198}},"node:119":{"location":{"x":50,"y":186}},"node:121":{"location":{"x":50,"y":282}},"node:123":{"location":{"x":50,"y":378}},"node:125":{"location":{"x":50,"y":474}},"node:127":{"location":{"x":50,"y":570}},"node:129":{"location":{"x":41,"y":666}},"node:132":{"location":{"x":41,"y":874}},"node:135":{"location":{"x":41,"y":1082}},"node:138":{"location":{"x":41,"y":1306}},"node:141":{"location":{"x":41,"y":1722}},"node:144":{"location":{"x":41,"y":1514}},"node:147":{"location":{"x":25,"y":1930}}},"selection":["link:134"],"view":{"scroll":{"x":-232.160659790039062,"y":-284.5211181640625},"visible_rect":{"max":{"x":816.5596923828125,"y":697.65264892578125},"min":{"x":-154.773788452148438,"y":-189.680770874023438}},"zoom":1.49999988079071045}}