{"nodes":{"node:100":{"location":{"x":1214,"y":320}},"node:115":{"location":{"x":57,"y":-567}},"node:117":{"location":{"x":57,"y":-182}},"node:119":{"location":{"x":50,"y":186}},"node:121":{"location":{"x":50,"y":282}},"node:123":{"location":{"x":50,"y":378}},"node:125":{"location":{"x":50,"y":474}},"node:127":{"location":{"x":50,"y":570}},"node:129":{"location":{"x":41,"y":666}},"node:131":{"location":{"x":41,"y":874}},"node:133":{"location":{"x":41,"y":1082}},"node:135":{"location":{"x":41,"y":1290}},"node:137":{"location":{"x":41,"y":1498}},"node:139":{"location":{"x":41,"y":1706}},"node:141":{"location":{"x":41,"y":1914}}},"selection":["node:117"],"view":{"scroll":{"x":-241.010086059570312,"y":-394.94140625},"visible_rect":{"max":{"x":2569.66650390625,"y":1960.7835693359375},"min":{"x":-730.33355712890625,"y":-1196.7921142578125}},"zoom":0.330000013113021851}}