{"nodes":{"node:100":{"location":{"x":409,"y":92}},"node:115":{"location":{"x":242,"y":-118}},"node:117":{"location":{"x":-222,"y":-21}},"node:119":{"location":{"x":-358,"y":298}},"node:121":{"location":{"x":-710,"y":218}},"node:123":{"location":{"x":-742,"y":58}},"node:125":{"location":{"x":-582,"y":-118}},"node:127":{"location":{"x":-342,"y":-230}}},"selection":null,"view":{"scroll":{"x":-842.690673828125,"y":-456.307861328125},"visible_rect":{"max":{"x":1211.309326171875,"y":874.692138671875},"min":{"x":-842.690673828125,"y":-456.307861328125}},"zoom":1}}