{"nodes":{"node:100":{"location":{"x":409,"y":92}},"node:115":{"location":{"x":242,"y":-118}},"node:117":{"location":{"x":-206,"y":26}},"node:119":{"location":{"x":-278,"y":218}},"node:121":{"location":{"x":-710,"y":218}},"node:123":{"location":{"x":-742,"y":58}},"node:125":{"location":{"x":-582,"y":-118}},"node:127":{"location":{"x":-342,"y":-230}}},"selection":null,"view":{"scroll":{"x":-1069.452392578125,"y":-458.08416748046875},"visible_rect":{"max":{"x":712.4381103515625,"y":698.33270263671875},"min":{"x":-855.56195068359375,"y":-366.46734619140625}},"zoom":1.25}}