{"nodes":{"node:100":{"location":{"x":1080,"y":326}},"node:115":{"location":{"x":-198,"y":-870}},"node:117":{"location":{"x":-198,"y":-502}},"node:119":{"location":{"x":-206,"y":-134}},"node:121":{"location":{"x":-206,"y":-38}},"node:123":{"location":{"x":-206,"y":58}},"node:125":{"location":{"x":-206,"y":154}},"node:127":{"location":{"x":-206,"y":250}},"node:129":{"location":{"x":-214,"y":346}},"node:132":{"location":{"x":-214,"y":554}},"node:135":{"location":{"x":-214,"y":762}},"node:138":{"location":{"x":-214,"y":970}},"node:141":{"location":{"x":-214,"y":1178}},"node:144":{"location":{"x":-214,"y":1386}},"node:147":{"location":{"x":-214,"y":1594}}},"selection":null,"view":{"scroll":{"x":-575.129150390625,"y":-951.40679931640625},"visible_rect":{"max":{"x":678.29669189453125,"y":306.074554443359375},"min":{"x":-460.10333251953125,"y":-761.12542724609375}},"zoom":1.25}}