{"nodes":{"node:1":{"location":{"x":-377,"y":-1298}},"node:11":{"location":{"x":-292,"y":204}},"node:13":{"location":{"x":-292,"y":428}},"node:15":{"location":{"x":62,"y":-1404}},"node:3":{"location":{"x":-345,"y":-930}},"node:5":{"location":{"x":-292,"y":-436}},"node:7":{"location":{"x":-292,"y":-212}},"node:9":{"location":{"x":-292,"y":-4}}},"selection":null,"view":{"scroll":{"x":-360.761474609375,"y":-765.04083251953125},"visible_rect":{"max":{"x":892.47705078125,"y":-90.0816650390625},"min":{"x":-721.52294921875,"y":-1530.0816650390625}},"zoom":0.5}}