{"nodes":{"node:1":{"location":{"x":-377,"y":-1298}},"node:11":{"location":{"x":-292,"y":204}},"node:13":{"location":{"x":-292,"y":428}},"node:15":{"location":{"x":62,"y":-1404}},"node:3":{"location":{"x":-345,"y":-930}},"node:5":{"location":{"x":-292,"y":-436}},"node:7":{"location":{"x":-292,"y":-212}},"node:9":{"location":{"x":-292,"y":-4}}},"selection":null,"view":{"scroll":{"x":-392.070892333984375,"y":-820.3109130859375},"visible_rect":{"max":{"x":829.85821533203125,"y":-200.621826171875},"min":{"x":-784.14178466796875,"y":-1640.621826171875}},"zoom":0.5}}