{"nodes":{"node:1":{"location":{"x":-292,"y":-868}},"node:11":{"location":{"x":-292,"y":204}},"node:13":{"location":{"x":-292,"y":428}},"node:15":{"location":{"x":371,"y":-364}},"node:3":{"location":{"x":-292,"y":-644}},"node:5":{"location":{"x":-292,"y":-436}},"node:7":{"location":{"x":-292,"y":-212}},"node:9":{"location":{"x":-292,"y":-4}}},"selection":null,"view":{"scroll":{"x":-1000.04693603515625,"y":-2604.38330078125},"visible_rect":{"max":{"x":-35.3489837646484375,"y":-496.79449462890625},"min":{"x":-333.349029541015625,"y":-868.12786865234375}},"zoom":2.9999997615814209}}