{"nodes":{"node:100":{"location":{"x":670,"y":-327}},"node:115":{"location":{"x":-110,"y":234}},"node:117":{"location":{"x":82,"y":346}},"node:119":{"location":{"x":-326,"y":-310}},"node:121":{"location":{"x":217,"y":58}},"node:123":{"location":{"x":217,"y":-38}},"node:125":{"location":{"x":185,"y":-262}},"node:127":{"location":{"x":169,"y":-406}}},"selection":null,"view":{"scroll":{"x":-724.65087890625,"y":-603.1531982421875},"visible_rect":{"max":{"x":453.56610107421875,"y":292.564544677734375},"min":{"x":-483.1005859375,"y":-402.102142333984375}},"zoom":1.5}}