{"nodes":null,"selection":null,"view":{"scroll":{"x":1253.209716796875,"y":674.3819580078125},"visible_rect":{"max":{"x":1120.48388671875,"y":686.55279541015625},"min":{"x":501.283905029296875,"y":269.752777099609375}},"zoom":2.5}}