{"nodes":{"node:100":{"location":{"x":782,"y":-116}},"node:115":{"location":{"x":-110,"y":234}},"node:117":{"location":{"x":82,"y":346}},"node:119":{"location":{"x":-102,"y":-134}}},"selection":null,"view":{"scroll":{"x":-399.656707763671875,"y":-339.24652099609375},"visible_rect":{"max":{"x":1148.34326171875,"y":702.75347900390625},"min":{"x":-399.656707763671875,"y":-339.24652099609375}},"zoom":1}}