{"nodes":{"node:100":{"location":{"x":-68,"y":-31}},"node:103":{"location":{"x":124,"y":-31}},"node:107":{"location":{"x":613,"y":-175}}},"selection":null,"view":{"scroll":{"x":907.9627685546875,"y":-516.0589599609375},"visible_rect":{"max":{"x":982.38525390625,"y":210.376434326171875},"min":{"x":363.185150146484375,"y":-206.423599243164062}},"zoom":2.4999997615814209}}