{"nodes":null,"selection":null,"view":{"scroll":{"x":3913.919189453125,"y":1908.8111572265625},"visible_rect":{"max":{"x":2333.56787109375,"y":1180.324462890625},"min":{"x":1565.56787109375,"y":763.5245361328125}},"zoom":2.4999997615814209}}